{
    "name": "AzureSqlTable1",
    "properties": {
        "linkedServiceName": {
            "referenceName": "AzureSqlDatabasemov",
            "type": "LinkedServiceReference"
        },
        "annotations": [],
        "type": "AzureSqlTable",
        "schema": [
            {
                "name": "MovieIndex",
                "type": "int",
                "precision": 10
            },
            {
                "name": "MovieTitle",
                "type": "varchar"
            }
        ],
        "typeProperties": {
            "schema": "dbo",
            "table": "movietable_Prerana"
        }
    },
    "type": "Microsoft.DataFactory/factories/datasets"
}