{
    "now": "2025-09-17T14:40:39.298Z",
    "perfNow": 36483.60000000009,
    "diagnosticCorrelation": "29b5bbb2-3c0b-4702-b505-2c981c2ed227",
    "source": "DownloadSupportFiles",
    "environment": {
        "productName": "adf",
        "buildVersion": "1.0.090625.1",
        "environmentType": 3,
        "resourceName": "adfPrerana",
        "resourceRegion": "eastus",
        "resourceGroup": "LabsKraft2027",
        "subscriptionId": "d008c7cc-9795-4292-bf79-74ae52cda63d",
        "sessionId": "Tvr+/NTN8wACHW1ez+Ztl4",
        "operationId": "",
        "gitType": "live",
        "loggingKey": "b38f05cc-970b-4efc-97b8-82c7812e43db"
    },
    "additionalInfo": {
        "selectedResource": "AzureSqlTable1",
        "selectedResourceType": "dataset"
    }
}